bootstrap_sample,n_node,cv_loss
0,5,0.0029473187512119754
0,6,0.0029479879109809795
0,7,0.0029491170586181292
0,8,0.0029511548767703166
0,9,0.002950908825395332
0,10,0.002951417402881715
0,11,0.002955302169798437
0,12,0.0029444624017474154
0,13,0.002945889888673229
0,14,0.002954642930639467
0,15,0.002953036331711112
1,5,0.002996594110414027
1,6,0.0029943636130451796
1,7,0.002997313669310456
1,8,0.003001031475927097
1,9,0.0029973371240523566
1,10,0.002996721563030438
1,11,0.0029980417060475033
1,12,0.002993030392800469
1,13,0.002994056253593011
1,14,0.0030031982871019337
1,15,0.002999067493905145
2,5,0.0029637245332150394
2,6,0.0029661851205983266
2,7,0.0029666613957612126
2,8,0.0029675933541965967
2,9,0.002966363247275011
2,10,0.0029656234069809374
2,11,0.002968634038082851
2,12,0.002960826339373147
2,13,0.002961627056595248
2,14,0.0029692478271243945
2,15,0.002969198387826201
3,5,0.0029543181643297677
3,6,0.0029527503982806824
3,7,0.002953896843769458
3,8,0.002958119825879476
3,9,0.00295356131003082
3,10,0.002955227654726344
3,11,0.002956987204902676
3,12,0.0029502260142806255
3,13,0.002950347896012345
3,14,0.0029579997793516516
3,15,0.0029550188085791206
4,5,0.00298817321411117
4,6,0.0029897707605705537
4,7,0.002991027671069334
4,8,0.0029915911968899814
4,9,0.002990926447321117
4,10,0.0029899485366421184
4,11,0.002992793967170705
4,12,0.0029843573028993935
4,13,0.0029871786817721353
4,14,0.002995449230141644
4,15,0.0029929038515512517
5,5,0.002951587254826266
5,6,0.002956295856095564
5,7,0.002955556466566542
5,8,0.002954062513219049
5,9,0.0029560881845939616
5,10,0.0029553718005235377
5,11,0.0029585781202723202
5,12,0.002948836495096867
5,13,0.002949783909850969
5,14,0.002957773511298001
5,15,0.002958149747708096
6,5,0.002974779488375554
6,6,0.0029770562883301766
6,7,0.002976504561075572
6,8,0.0029770372389476725
6,9,0.002977704510700831
6,10,0.0029782237080876336
6,11,0.002982461139213391
6,12,0.0029725011571822097
6,13,0.0029701699108180945
6,14,0.0029789590322469523
6,15,0.00297888524622754
7,5,0.0030337594715011524
7,6,0.0030308848093860952
7,7,0.0030349337147949134
7,8,0.0030378866621137814
7,9,0.003034313494751139
7,10,0.0030335187841899814
7,11,0.0030365102818714594
7,12,0.003030170304986689
7,13,0.0030317857442676015
7,14,0.003042231909768103
7,15,0.003036435266669609
8,5,0.0029459667823849536
8,6,0.002946509980936035
8,7,0.0029478419814688048
8,8,0.0029496859534309805
8,9,0.002947537940088151
8,10,0.0029473762500075553
8,11,0.002950073432475509
8,12,0.0029426239352682328
8,13,0.002943975492163119
8,14,0.002952891378225776
8,15,0.002949648440729097
9,5,0.002917108799716362
9,6,0.002916250798958171
9,7,0.0029179284543226673
9,8,0.002922239124893107
9,9,0.0029171171723344443
9,10,0.002917509275176239
9,11,0.0029188259341542994
9,12,0.0029140448842051346
9,13,0.0029150333923774452
9,14,0.0029226397514467064
9,15,0.002919791360720542
10,5,0.0029985772974371228
10,6,0.003003222361460903
10,7,0.0030025309156761276
10,8,0.003001502299944188
10,9,0.003004039334980333
10,10,0.0030057325794061577
10,11,0.0030080467893374664
10,12,0.002995444647911644
10,13,0.002998230485661254
10,14,0.003002146408927994
10,15,0.0030073872160737204
11,5,0.0029539974877090523
11,6,0.0029594503754711604
11,7,0.00295816745384942
11,8,0.002957549086628885
11,9,0.002959295695967423
11,10,0.002959700834238057
11,11,0.0029627611495198587
11,12,0.0029528551828454023
11,13,0.0029510171684755198
11,14,0.0029593288513889227
11,15,0.0029614096208438368
12,5,0.0029680543209214465
12,6,0.0029695558844773057
12,7,0.002971020159202124
12,8,0.0029719422679145235
12,9,0.0029715271659628804
12,10,0.0029710486424315524
12,11,0.0029729377076135317
12,12,0.002964032291827107
12,13,0.002966708979569937
12,14,0.0029735000448435044
12,15,0.002973349573794638
13,5,0.003012555217180417
13,6,0.00301001361651626
13,7,0.003013183399034449
13,8,0.0030168389476325384
13,9,0.0030114518344463016
13,10,0.003009887447318778
13,11,0.0030111733951319773
13,12,0.0030077122927204395
13,13,0.003009327755191048
13,14,0.003021100198475708
13,15,0.0030130942185748284
14,5,0.0029455314851555823
14,6,0.0029426353924396297
14,7,0.0029460369314489175
14,8,0.0029496162704346204
14,9,0.002944061436580954
14,10,0.0029431393702807045
14,11,0.002946383815048803
14,12,0.0029421438757839392
14,13,0.002941083810705361
14,14,0.002953573342242973
14,15,0.0029452474568959336
15,5,0.0030350352242491736
15,6,0.0030361666301978976
15,7,0.003036303195760839
15,8,0.0030392460621447817
15,9,0.00303773383927177
15,10,0.0030387027685897473
15,11,0.003040554876420613
15,12,0.0030331078598147985
15,13,0.003032285103045119
15,14,0.003038993122397668
15,15,0.003039314479719221
16,5,0.0029974754931387103
16,6,0.0029992846256682595
16,7,0.0030006645518599203
16,8,0.003000034353903775
16,9,0.0030003796462692973
16,10,0.003000005532634779
16,11,0.0030025903506258737
16,12,0.0029930791148499955
16,13,0.0029941721032690077
16,14,0.003000947257992133
16,15,0.003003039234543888
17,5,0.002952217434464795
17,6,0.0029512228058060494
17,7,0.002953009016630126
17,8,0.0029568625330107243
17,9,0.002954649549295626
17,10,0.002955251151877569
17,11,0.0029583627312648585
17,12,0.002950364670420929
17,13,0.002951607663502417
17,14,0.002958872666718756
17,15,0.002955942620273407
18,5,0.0029800671673933746
18,6,0.00298343097743344
18,7,0.0029829840516589394
18,8,0.002982959186789248
18,9,0.0029843220563829658
18,10,0.0029854385165055865
18,11,0.0029876071044506953
18,12,0.002977855890685153
18,13,0.0029776734852202066
18,14,0.0029852766978206986
18,15,0.002986113883830225
19,5,0.0029760572409860244
19,6,0.0029790680718223793
19,7,0.002978520908042179
19,8,0.0029790117296084277
19,9,0.0029778619757466797
19,10,0.0029766862238639635
19,11,0.002980512050770573
19,12,0.0029724443972415585
19,13,0.0029705345180114254
19,14,0.002981244441274235
19,15,0.0029810442024377926
20,5,0.0029976388330977023
20,6,0.0029991618777550984
20,7,0.002999903163672682
20,8,0.003001533425841595
20,9,0.0030005838522013345
20,10,0.0030014225524604503
20,11,0.0030042418958676374
20,12,0.0029964406666077355
20,13,0.002995885278961044
20,14,0.003001460413579926
20,15,0.0030035618312679734
21,5,0.0030135236089476026
21,6,0.0030117111477571037
21,7,0.0030140885098192552
21,8,0.003018329036422074
21,9,0.003013599726658028
21,10,0.003013521732869916
21,11,0.0030151735230062445
21,12,0.0030109623957496998
21,13,0.0030115408858714197
21,14,0.003020253180203816
21,15,0.0030157963584105554
22,5,0.0029979392489148373
22,6,0.002997884846061322
22,7,0.00299986166689609
22,8,0.003002563496040185
22,9,0.0029993411697017106
22,10,0.00299933249261276
22,11,0.0030021626474816326
22,12,0.00299465063792317
22,13,0.0029945418711165906
22,14,0.003000531118495861
22,15,0.0030014116307880722
23,5,0.0029956487613336004
23,6,0.002993512325583712
23,7,0.002996932101505512
23,8,0.0030006670458643777
23,9,0.0029952398210969762
23,10,0.002994969129250241
23,11,0.0029983244403466156
23,12,0.0029937612168766834
23,13,0.0029907200413936456
23,14,0.0030019638181167005
23,15,0.002997967104258442
24,5,0.0030105674066439724
24,6,0.0030129766108637508
24,7,0.0030121829874362005
24,8,0.003013412666817506
24,9,0.003013477148205945
24,10,0.003014808390571764
24,11,0.003017295724288984
24,12,0.003006531891102592
24,13,0.0030102249946106566
24,14,0.0030167728205296126
24,15,0.00301548072560267
25,5,0.002944858408044356
25,6,0.002945141689718755
25,7,0.0029456633858120887
25,8,0.0029480904677717493
25,9,0.002946981746690074
25,10,0.002947281103524612
25,11,0.002950568487362946
25,12,0.00294335071508345
25,13,0.0029442945033192032
25,14,0.00295144443562728
25,15,0.0029480079680674572
26,5,0.0030038054138970837
26,6,0.002999166006130523
26,7,0.003002828365232139
26,8,0.003007328986334186
26,9,0.0030010161009660272
26,10,0.0030006132020278468
26,11,0.003003922301880518
26,12,0.003001547984300619
26,13,0.002999022975732011
26,14,0.0030097104974429307
26,15,0.0030017966156465885
27,5,0.003020660946432472
27,6,0.003019887454715128
27,7,0.0030220294878480496
27,8,0.003025050595187325
27,9,0.003022392085793
27,10,0.0030213364951285756
27,11,0.0030246030407025293
27,12,0.0030186385837862903
27,13,0.0030167737600174296
27,14,0.0030262772767559597
27,15,0.003024780862490937
28,5,0.002984751598187932
28,6,0.0029832560971782014
28,7,0.0029845696048917355
28,8,0.0029888912383746634
28,9,0.002985294240417781
28,10,0.0029848822384132994
28,11,0.0029870968309228304
28,12,0.0029817141681999057
28,13,0.0029835502559727466
28,14,0.0029922003334796467
28,15,0.002985693039036952
29,5,0.002991682470464944
29,6,0.0029912285683296818
29,7,0.002993208612556265
29,8,0.0029951200064620865
29,9,0.002994066819790082
29,10,0.002993794773833977
29,11,0.0029975274512266522
29,12,0.0029888817274118804
29,13,0.0029901320806846737
29,14,0.003000719540220205
29,15,0.0029950798061187138
30,5,0.0029688010967237905
30,6,0.002968276516805504
30,7,0.0029697320358793677
30,8,0.0029730084630117345
30,9,0.002970976308646105
30,10,0.002970939234690911
30,11,0.002973529077152042
30,12,0.002966634498684509
30,13,0.0029664255370103485
30,14,0.002975116569228951
30,15,0.0029721090549673437
31,5,0.0029811109615755934
31,6,0.002981426225448633
31,7,0.0029826667775487738
31,8,0.002984990609532341
31,9,0.002984690208605131
31,10,0.0029845742532830562
31,11,0.0029871862489265874
31,12,0.0029786832425403647
31,13,0.0029811710209832003
31,14,0.0029886678557582537
31,15,0.002985583961938471
32,5,0.0029473270989499507
32,6,0.00295055600642221
32,7,0.0029503067850080084
32,8,0.0029508667671996674
32,9,0.002951665144039829
32,10,0.002952430002558008
32,11,0.002956301924922338
32,12,0.0029459136150813375
32,13,0.002945008952600798
32,14,0.0029508726166824766
32,15,0.0029541990849805463
33,5,0.002990924423888869
33,6,0.0029904780714096087
33,7,0.0029914304179544235
33,8,0.0029933443007067887
33,9,0.00299121903278228
33,10,0.0029920142465256904
33,11,0.002993429075688758
33,12,0.0029859990536838226
33,13,0.0029885548539176627
33,14,0.002998272119101284
33,15,0.002991257172847863
34,5,0.002996656422061605
34,6,0.002996965237430041
34,7,0.0029987672759588923
34,8,0.002999355419703067
34,9,0.002998556392318115
34,10,0.0029973450138248833
34,11,0.003000052199179452
34,12,0.0029943674886830462
34,13,0.0029933442702084817
34,14,0.003002132903130162
34,15,0.002999245792290005
35,5,0.002987668738446142
35,6,0.002986748114987188
35,7,0.0029892702259108534
35,8,0.0029923503010356816
35,9,0.0029903150072705885
35,10,0.002988763449391579
35,11,0.0029894477490360737
35,12,0.0029845628442234776
35,13,0.0029854525327819036
35,14,0.002994915677852378
35,15,0.002991222901137235
36,5,0.0029556492063243993
36,6,0.002955376039467101
36,7,0.0029569980439739033
36,8,0.0029593242097248154
36,9,0.0029578442725994923
36,10,0.0029578472089781924
36,11,0.0029597120852327173
36,12,0.0029525664246198044
36,13,0.002953407820314169
36,14,0.002964014259790911
36,15,0.002957884014303823
37,5,0.0029117301918161207
37,6,0.0029140950654596627
37,7,0.0029137788235856356
37,8,0.002914958420958428
37,9,0.0029151183052328966
37,10,0.0029169107198141063
37,11,0.002919087457952391
37,12,0.002908745065126724
37,13,0.0029106686303999583
37,14,0.0029157507013565145
37,15,0.0029166015557691083
38,5,0.002925343399186987
38,6,0.0029290959504407374
38,7,0.00292844352498423
38,8,0.002929368746599493
38,9,0.0029301762014226937
38,10,0.0029300484813695174
38,11,0.002931213358254442
38,12,0.002923157137079607
38,13,0.002922219362379568
38,14,0.002929470965510181
38,15,0.002931835517434036
39,5,0.002940124472238991
39,6,0.0029426714149402094
39,7,0.002941517290020194
39,8,0.0029423281119874464
39,9,0.002942234236133264
39,10,0.002944217624415924
39,11,0.0029459296450003144
39,12,0.002936480800111429
39,13,0.002937867670524
39,14,0.0029431536048144893
39,15,0.0029436622453458926
40,5,0.0030149524832982404
40,6,0.003020056138459922
40,7,0.003018802578826548
40,8,0.0030171204740363743
40,9,0.0030204535879594426
40,10,0.0030211324772615898
40,11,0.0030246888465128253
40,12,0.0030129828223120587
40,13,0.0030140149192890084
40,14,0.0030189601756371756
40,15,0.0030224567768343397
41,5,0.002979220934661038
41,6,0.002984327395412936
41,7,0.0029835863437234276
41,8,0.00298175705899765
41,9,0.0029846501626433378
41,10,0.0029849979527159986
41,11,0.00298805224697992
41,12,0.002975273783688983
41,13,0.0029774267630404737
41,14,0.002983328525021852
41,15,0.0029877880403031427
42,5,0.0029716914814717824
42,6,0.0029724807644030925
42,7,0.002973823018705398
42,8,0.002975574334207224
42,9,0.0029738648879615434
42,10,0.002975112266732693
42,11,0.00297811298046662
42,12,0.002969174398370583
42,13,0.00297062609940452
42,14,0.0029775703316295412
42,15,0.002976919725670185
43,5,0.002925506494803285
43,6,0.00292881261682046
43,7,0.002930273248757929
43,8,0.002928753710100773
43,9,0.0029305686734331067
43,10,0.002930353794131276
43,11,0.0029331687276664842
43,12,0.002923096749365865
43,13,0.002922235219583496
43,14,0.002931522220209903
43,15,0.002933437802091386
44,5,0.0030325830701887074
44,6,0.003033573434376233
44,7,0.003034911725109422
44,8,0.003036803951385004
44,9,0.0030349637245995383
44,10,0.0030349997934042646
44,11,0.003035208905793855
44,12,0.0030289534961384793
44,13,0.003029310819429746
44,14,0.0030363829275133316
44,15,0.0030370027055118425
45,5,0.002939425626970508
45,6,0.002941107168183598
45,7,0.0029430550198158976
45,8,0.0029431220965505196
45,9,0.0029415910312893057
45,10,0.0029407688907831437
45,11,0.0029449900124785193
45,12,0.0029372505805718846
45,13,0.002936791908498753
45,14,0.002945786886425308
45,15,0.002945965047609776
46,5,0.002940973006008904
46,6,0.002937412941108507
46,7,0.002939819641735243
46,8,0.0029457741178536183
46,9,0.002940883207616311
46,10,0.002939530737149183
46,11,0.0029386311290326757
46,12,0.002935965504983197
46,13,0.0029392339151964528
46,14,0.002951453942670554
46,15,0.002939375633697795
47,5,0.0029476445639494827
47,6,0.0029520356545258246
47,7,0.002952099355874572
47,8,0.0029486922020215294
47,9,0.0029534825567200692
47,10,0.002954064180215676
47,11,0.0029588964260266926
47,12,0.002945070540599391
47,13,0.0029469498472210177
47,14,0.0029527313937572483
47,15,0.0029559122730314197
48,5,0.0029824375473324533
48,6,0.002985861586424911
48,7,0.002984748341739901
48,8,0.0029870197990710294
48,9,0.00298557055716231
48,10,0.0029871264829761483
48,11,0.0029894635985487873
48,12,0.002982465681411977
48,13,0.002978884899826015
48,14,0.002983386813690072
48,15,0.002988565139002302
49,5,0.0029353216757262734
49,6,0.0029369445425203437
49,7,0.002936161918673872
49,8,0.0029385725902190507
49,9,0.0029385833720254914
49,10,0.0029403878326277467
49,11,0.002942292197871295
49,12,0.0029324989204382924
49,13,0.0029337893868176396
49,14,0.002939469196786315
49,15,0.0029394205430743553
50,5,0.00291159251574021
50,6,0.002916208011736376
50,7,0.0029163533431583832
50,8,0.0029144636152388832
50,9,0.0029153164045447734
50,10,0.0029154893982767625
50,11,0.0029189113136290712
50,12,0.0029076544097771297
50,13,0.002909665809466208
50,14,0.002916125272858446
50,15,0.0029199204388464695
51,5,0.0029677694486920634
51,6,0.0029681388047896437
51,7,0.0029693742010935774
51,8,0.0029719606057083707
51,9,0.002969963938912841
51,10,0.002970116030999252
51,11,0.002970722275063863
51,12,0.0029647290334555132
51,13,0.002964502429942599
51,14,0.0029724175429424664
51,15,0.0029700188383271196
52,5,0.003017699886202474
52,6,0.0030178593522304023
52,7,0.0030188605043752086
52,8,0.003021315343620103
52,9,0.003019991056916782
52,10,0.0030202070108875942
52,11,0.0030206568420570157
52,12,0.0030153950754813605
52,13,0.0030131608252488722
52,14,0.0030211788823174563
52,15,0.003019398910417102
53,5,0.0029079385123969544
53,6,0.0029114008147994785
53,7,0.002910759863474548
53,8,0.0029101741606579567
53,9,0.002911456019941531
53,10,0.0029121839703521576
53,11,0.002916879884869471
53,12,0.002905509152970063
53,13,0.002907177507894191
53,14,0.0029127427302143745
53,15,0.0029142721949932246
54,5,0.0030415865832270636
54,6,0.003044968421200236
54,7,0.003045174121422675
54,8,0.0030446646992768186
54,9,0.003045607209024788
54,10,0.003046826936431157
54,11,0.003051312185950505
54,12,0.003037845327075824
54,13,0.0030394561150228804
54,14,0.003044718783800897
54,15,0.0030488933807293187
55,5,0.0029764132704506816
55,6,0.002977195570695534
55,7,0.0029780927775873334
55,8,0.002980289486338972
55,9,0.00297883058687179
55,10,0.0029789905590109577
55,11,0.002980397861599832
55,12,0.0029725370534341997
55,13,0.00297382093688472
55,14,0.0029818372692921842
55,15,0.0029808145331197402
56,5,0.0029226245288356354
56,6,0.0029222591502872887
56,7,0.0029237436399716706
56,8,0.002925493935380314
56,9,0.0029222754041508046
56,10,0.0029222481504143603
56,11,0.0029246828409937352
56,12,0.0029187828945734964
56,13,0.0029203789871352992
56,14,0.002929528790448811
56,15,0.0029242492269900607
57,5,0.0029298818285147157
57,6,0.002931890843543582
57,7,0.0029317064416738083
57,8,0.0029327855221568965
57,9,0.002932065094892795
57,10,0.0029336053994484246
57,11,0.002936061256780074
57,12,0.002927315963181452
57,13,0.0029254058205809156
57,14,0.0029322893779653194
57,15,0.002933962610908426
58,5,0.0029566747549385833
58,6,0.0029532458774164457
58,7,0.0029569238354523156
58,8,0.0029601320809476785
58,9,0.002955691510133605
58,10,0.002955460445442741
58,11,0.0029550926925027772
58,12,0.002950842100671216
58,13,0.0029534860066955607
58,14,0.002962627151229103
58,15,0.0029559097943445867
59,5,0.00297163500758767
59,6,0.0029754829562403788
59,7,0.00297611752405914
59,8,0.002974218827991645
59,9,0.0029765613415482116
59,10,0.002975051180574166
59,11,0.0029784339733795666
59,12,0.002968624271474681
59,13,0.0029700210889892623
59,14,0.002979545494910939
59,15,0.002979043043600206
60,5,0.002979170242138994
60,6,0.0029778199822023087
60,7,0.0029810942174371066
60,8,0.002983396691053782
60,9,0.0029806049423169753
60,10,0.002980909597490592
60,11,0.00298408363039752
60,12,0.0029758922601153532
60,13,0.0029767862623405693
60,14,0.002985234541074341
60,15,0.0029837781207621384
61,5,0.0029057314138378467
61,6,0.0029076223270044672
61,7,0.002908704460769131
61,8,0.0029089577790411252
61,9,0.002907596468889118
61,10,0.0029079779042154776
61,11,0.002910054184065701
61,12,0.002900766476837767
61,13,0.002901910814140607
61,14,0.0029102286349775063
61,15,0.002910769465113724
62,5,0.0029340947144689904
62,6,0.0029366359280178214
62,7,0.0029364965800619514
62,8,0.002936589335972574
62,9,0.0029385738143890222
62,10,0.002938898915635619
62,11,0.0029418626415611813
62,12,0.002933413136270029
62,13,0.002933573753604769
62,14,0.0029377742557056843
62,15,0.002939815420372036
63,5,0.0028910422378091837
63,6,0.002893697096071407
63,7,0.0028934579105207732
63,8,0.0028938719610154045
63,9,0.002893649918191573
63,10,0.0028944284353843506
63,11,0.0028971770513510587
63,12,0.0028894136102833585
63,13,0.0028896075673401356
63,14,0.0028951362724982054
63,15,0.002895047746635243
64,5,0.0029385783410653013
64,6,0.0029357795224925296
64,7,0.002938280750662223
64,8,0.0029422971818566933
64,9,0.002937716797371454
64,10,0.0029374484187233442
64,11,0.0029398114245043614
64,12,0.0029349108333258725
64,13,0.0029349597956875207
64,14,0.002945072507831555
64,15,0.00293795573985459
65,5,0.0029505492318065967
65,6,0.002946495215757472
65,7,0.0029497347635423724
65,8,0.00295370212547161
65,9,0.002946794292553904
65,10,0.0029467052623389518
65,11,0.002947883169235648
65,12,0.0029458763619089113
65,13,0.002946023435302986
65,14,0.002955824873012297
65,15,0.002948025588795258
66,5,0.0029407524146609805
66,6,0.002943348417564937
66,7,0.0029441679746491237
66,8,0.0029433881637902512
66,9,0.002944858507388859
66,10,0.0029452637886827433
66,11,0.002948870742241445
66,12,0.0029375351947343465
66,13,0.0029377195016634695
66,14,0.0029436127956305605
66,15,0.002947733753351766
67,5,0.00293763915294821
67,6,0.0029390524496751805
67,7,0.0029393472247346555
67,8,0.0029417957847309513
67,9,0.0029405385373290458
67,10,0.0029416734076708013
67,11,0.002943605731742451
67,12,0.0029350117795837413
67,13,0.0029355906136900095
67,14,0.002941456484243183
67,15,0.0029423487863834597
68,5,0.0030027218342327804
68,6,0.003007738343926508
68,7,0.0030072529840547203
68,8,0.003004644190642371
68,9,0.0030088753089197538
68,10,0.0030095754680571274
68,11,0.003014072072622714
68,12,0.0030003531053384293
68,13,0.0030017700730197465
68,14,0.003006245922158236
68,15,0.003012460349822667
69,5,0.0030003745797457116
69,6,0.002997207858910163
69,7,0.0029996449714808754
69,8,0.003005372884147095
69,9,0.002999778790681651
69,10,0.0030007359233092177
69,11,0.0030016942539562784
69,12,0.00299685337693628
69,13,0.0029978889139425573
69,14,0.0030042476034864334
69,15,0.003000789068244172
70,5,0.003011021626530432
70,6,0.0030092277995487846
70,7,0.003011222450245469
70,8,0.0030150019372327743
70,9,0.0030100551885238456
70,10,0.003009971143232167
70,11,0.003013337661220801
70,12,0.0030088090469226514
70,13,0.0030073181131820372
70,14,0.0030182204472095323
70,15,0.0030111683489743367
71,5,0.003018539959385273
71,6,0.0030209257082273082
71,7,0.003022345654801073
71,8,0.003021687012255551
71,9,0.0030215636855103526
71,10,0.003021524333765349
71,11,0.003024726393576487
71,12,0.003014121510941221
71,13,0.0030138068680976887
71,14,0.0030234198433807097
71,15,0.0030249398992767177
72,5,0.0029547224507579777
72,6,0.002957682085567212
72,7,0.0029564894881580436
72,8,0.002956880652147201
72,9,0.0029589792168455316
72,10,0.0029606116157428935
72,11,0.002963379197317231
72,12,0.0029521513274835647
72,13,0.0029540769897637284
72,14,0.002957801675439861
72,15,0.002959689783073063
73,5,0.0029732878321319174
73,6,0.0029737367919157303
73,7,0.0029754985425726557
73,8,0.002977245012091017
73,9,0.002973926879725432
73,10,0.0029744514737668
73,11,0.0029765216263220548
73,12,0.0029691199873424553
73,13,0.002968259822600759
73,14,0.002977105070513707
73,15,0.0029778068321541407
74,5,0.0030162667277480524
74,6,0.003018547452374357
74,7,0.003018697934081229
74,8,0.0030203194026767774
74,9,0.003018904702315008
74,10,0.0030200044862962
74,11,0.003022438229021171
74,12,0.0030137447793270656
74,13,0.0030128391907248953
74,14,0.003018453315683249
74,15,0.0030215276216251264
75,5,0.0029760296660506385
75,6,0.002975358882091737
75,7,0.0029762056581619733
75,8,0.0029797510152508215
75,9,0.0029768894584089787
75,10,0.0029784771429481735
75,11,0.002981597757715383
75,12,0.002973612978227234
75,13,0.0029736199037782465
75,14,0.002981235591407719
75,15,0.0029781285425777523
76,5,0.0029597282768732093
76,6,0.002962339145456811
76,7,0.0029632616025137616
76,8,0.0029626090410558217
76,9,0.0029623233152171933
76,10,0.0029632128253354725
76,11,0.0029671654251056264
76,12,0.002956102323348084
76,13,0.002956682743212904
76,14,0.002963514518306916
76,15,0.002966858308021742
77,5,0.003014540312661555
77,6,0.0030173565872981876
77,7,0.003018521061884385
77,8,0.0030186252178743067
77,9,0.003019779149238939
77,10,0.0030185818715888456
77,11,0.003020916228540125
77,12,0.003011162065543351
77,13,0.003014015227726579
77,14,0.0030223982000698825
77,15,0.003021676195045725
78,5,0.0029603975288265594
78,6,0.002964050760609306
78,7,0.0029645479753775635
78,8,0.00296443472263727
78,9,0.0029674688506578237
78,10,0.002965843680408574
78,11,0.002971457912251753
78,12,0.002960138849816332
78,13,0.00296099529616628
78,14,0.002967958597074272
78,15,0.0029697986676473754
79,5,0.002924057686379036
79,6,0.0029268168951742924
79,7,0.002926954793600509
79,8,0.002927650925882447
79,9,0.0029276194892680417
79,10,0.002927858261570621
79,11,0.002928260360092211
79,12,0.0029197352839848744
79,13,0.0029218063170376877
79,14,0.0029296112255766415
79,15,0.0029297462404848863
80,5,0.0029023244518951385
80,6,0.002904797638504163
80,7,0.0029043230848067605
80,8,0.002906219406631058
80,9,0.002905450363912541
80,10,0.002907094677096782
80,11,0.0029090016792335974
80,12,0.0029004022916513795
80,13,0.0028993701354980126
80,14,0.002904399633768614
80,15,0.002907999220057681
81,5,0.003031695420991663
81,6,0.0030347025678901063
81,7,0.0030346260370906117
81,8,0.003034432601251181
81,9,0.003033462046361402
81,10,0.0030336094690976366
81,11,0.0030369583541229143
81,12,0.003028658590929476
81,13,0.003025813539036946
81,14,0.003035630953562899
81,15,0.0030366892957345236
82,5,0.002996775985411878
82,6,0.0029986727017254785
82,7,0.002999054489345721
82,8,0.002999868487130075
82,9,0.0030002198243686295
82,10,0.003000254592624023
82,11,0.0030044454817293675
82,12,0.0029963959287515832
82,13,0.0029946576302958524
82,14,0.0030026479815295423
82,15,0.0030014578084361647
83,5,0.002929399581737393
83,6,0.0029276983660199885
83,7,0.0029310931665104747
83,8,0.002933403093243119
83,9,0.0029295341571535776
83,10,0.0029291858220527487
83,11,0.0029324245508604344
83,12,0.0029267334356710304
83,13,0.0029262502868957615
83,14,0.002934031944596128
83,15,0.0029328379338051627
84,5,0.002922001775022756
84,6,0.0029227545056377817
84,7,0.0029224345686222697
84,8,0.002925577404640295
84,9,0.0029241738969494413
84,10,0.0029265473716738035
84,11,0.0029290842038059346
84,12,0.0029197030352211438
84,13,0.0029215455243786787
84,14,0.0029257621893236424
84,15,0.0029259157358480195
85,5,0.002924481960476942
85,6,0.0029281337487034537
85,7,0.002927187107209312
85,8,0.0029273058664338867
85,9,0.0029292191483490347
85,10,0.002930435866705681
85,11,0.0029324596451426096
85,12,0.0029205040288777157
85,13,0.0029233355848252347
85,14,0.0029302314904175305
85,15,0.0029305419996024317
86,5,0.0029819307958937526
86,6,0.0029816074061485864
86,7,0.0029826291491884607
86,8,0.0029859469025669727
86,9,0.0029841131326101837
86,10,0.0029847900176897093
86,11,0.002987827538565195
86,12,0.0029797062013937788
86,13,0.002978054311300884
86,14,0.0029864607712573685
86,15,0.0029855222432311774
87,5,0.0029579983850767664
87,6,0.002961787057050445
87,7,0.0029622732535810083
87,8,0.002961937308188405
87,9,0.0029631676611017893
87,10,0.002962730910248674
87,11,0.002966311964690238
87,12,0.002955583965702279
87,13,0.0029565550042903637
87,14,0.0029641738460698466
87,15,0.0029663592280523557
88,5,0.0029328538192044617
88,6,0.0029312231491062045
88,7,0.0029328928067027926
88,8,0.0029370038924419486
88,9,0.0029346597310988235
88,10,0.0029353051427198967
88,11,0.0029381848956322324
88,12,0.0029316720492666253
88,13,0.002932121339076391
88,14,0.0029377713703580294
88,15,0.0029354166292525075
89,5,0.003019964804849434
89,6,0.0030214244230840647
89,7,0.003022453601211488
89,8,0.0030240814995027322
89,9,0.0030224684485244922
89,10,0.0030235246569085632
89,11,0.003025856160337229
89,12,0.0030185241806569164
89,13,0.0030173372806241282
89,14,0.0030250277551847476
89,15,0.0030254928683644466
90,5,0.003040268838313488
90,6,0.003039233665969515
90,7,0.003041232727407349
90,8,0.0030439536826431177
90,9,0.003043652150108152
90,10,0.0030424223386483723
90,11,0.0030445649189732977
90,12,0.0030374799291092106
90,13,0.003039138560128298
90,14,0.003049392851948091
90,15,0.0030425566122771674
91,5,0.002984023079586146
91,6,0.002985266744041749
91,7,0.002985413399988938
91,8,0.002986959822366477
91,9,0.0029861988024409937
91,10,0.0029866429184867817
91,11,0.0029894135244911127
91,12,0.00298039268273655
91,13,0.002981857612108951
91,14,0.002988573755371308
91,15,0.0029880699939282573
92,5,0.002934245097780077
92,6,0.0029337794269436233
92,7,0.0029369831917665907
92,8,0.0029382686786784983
92,9,0.0029371293655970775
92,10,0.002936668867869943
92,11,0.00294065054402708
92,12,0.0029312140975075586
92,13,0.002933937250451152
92,14,0.0029424356855002687
92,15,0.0029394224912952746
93,5,0.002961213087102258
93,6,0.002960094871620337
93,7,0.002961140081482264
93,8,0.002964877106222628
93,9,0.0029620903081248383
93,10,0.00296210883165239
93,11,0.0029643280420501316
93,12,0.002958919973977204
93,13,0.0029599410139598404
93,14,0.002966096353235353
93,15,0.0029628376391345776
94,5,0.0029716441953786176
94,6,0.0029739202092883632
94,7,0.00297414199606402
94,8,0.0029755512986049076
94,9,0.0029763343010380844
94,10,0.0029777437004747166
94,11,0.0029802344100767764
94,12,0.0029693733554207622
94,13,0.002971952914488384
94,14,0.0029751321461514556
94,15,0.002978716328441288
95,5,0.0029740426300866067
95,6,0.0029722016944945255
95,7,0.00297520345667019
95,8,0.00297825056986327
95,9,0.0029756536182498124
95,10,0.0029752456485671063
95,11,0.002976169636554142
95,12,0.0029710632860953353
95,13,0.002972984196620452
95,14,0.0029822452500025587
95,15,0.0029759350750243976
96,5,0.002989423303119951
96,6,0.0029890219520849757
96,7,0.002989949445308538
96,8,0.0029925545325967004
96,9,0.0029897913986251094
96,10,0.0029903349462103634
96,11,0.0029913464963793068
96,12,0.0029850091427686613
96,13,0.0029865086298625694
96,14,0.002994477492601827
96,15,0.0029898475698297623
97,5,0.002943275925441306
97,6,0.002943021750098024
97,7,0.002944447240541518
97,8,0.0029471651259605543
97,9,0.002943659235579251
97,10,0.002943940346960736
97,11,0.0029444100418049802
97,12,0.0029411673972362723
97,13,0.0029388520910305933
97,14,0.002947767867778182
97,15,0.002944281749284387
98,5,0.002946070477139515
98,6,0.002944490674600023
98,7,0.0029458815840817765
98,8,0.002950695449198777
98,9,0.0029465124012163163
98,10,0.0029471613440339075
98,11,0.0029514264399623912
98,12,0.002945270883346334
98,13,0.0029445055212749143
98,14,0.0029520822517052564
98,15,0.002948810851405879
99,5,0.0030253533712404704
99,6,0.003026000906683849
99,7,0.0030270752722483555
99,8,0.003029654082930545
99,9,0.003026869451092361
99,10,0.003027747580079122
99,11,0.0030305625104918676
99,12,0.0030221524886297484
99,13,0.0030231773439758523
99,14,0.003028907402987318
99,15,0.003029713242307958
100,5,0.0029740025211558575
100,6,0.0029761246653593914
100,7,0.0029756385606395635
100,8,0.0029772251819600924
100,9,0.0029768024060478292
100,10,0.0029785425010978384
100,11,0.0029819159335558263
100,12,0.0029716317634353047
100,13,0.0029711165982941232
100,14,0.0029770077936820344
100,15,0.002979242976881185
101,5,0.0029864029121388974
101,6,0.0029861991071500195
101,7,0.002988422120557719
101,8,0.0029897063818738164
101,9,0.002989756325107129
101,10,0.002990365189397804
101,11,0.002993786442599643
101,12,0.002984064748215545
101,13,0.0029864288066668208
101,14,0.002992257877616591
101,15,0.0029913578255969463
102,5,0.0030307832527984866
102,6,0.0030278411056873524
102,7,0.003029568794590003
102,8,0.003034863671605686
102,9,0.003030606342222865
102,10,0.0030300825589427496
102,11,0.0030304280684499774
102,12,0.0030264934694816305
102,13,0.0030289987947805385
102,14,0.003038134576433859
102,15,0.0030295065653345842
103,5,0.002997584981184446
103,6,0.0029981926907513296
103,7,0.0029989481988558653
103,8,0.003001214437913385
103,9,0.003000591906944872
103,10,0.003000205234960305
103,11,0.003002763357157003
103,12,0.002995492665916861
103,13,0.0029961986789364347
103,14,0.0030041886290309927
103,15,0.003001472856939144
104,5,0.002913743455365399
104,6,0.0029159528363493815
104,7,0.002915552341787838
104,8,0.0029172816283733337
104,9,0.002916888316573916
104,10,0.0029183230315058
104,11,0.0029211980293521195
104,12,0.0029116980612050917
104,13,0.002910722534390876
104,14,0.0029171376228310036
104,15,0.0029183030035740184
105,5,0.003021866841844635
105,6,0.003024186008239885
105,7,0.0030246792777119773
105,8,0.0030257465120521725
105,9,0.003024091951677047
105,10,0.0030231038456521096
105,11,0.003025960757084429
105,12,0.0030190068547742473
105,13,0.0030168244525938417
105,14,0.0030257817651939507
105,15,0.0030276614343472423
106,5,0.002872706073420969
106,6,0.002873925913365068
106,7,0.002874780348840194
106,8,0.002875580874290442
106,9,0.0028752873592303705
106,10,0.0028769512356232223
106,11,0.0028781479192173756
106,12,0.0028708955749489774
106,13,0.002871792201922162
106,14,0.002875261603956309
106,15,0.002876774076789463
107,5,0.002923878955687458
107,6,0.002924974479891603
107,7,0.002924769896081454
107,8,0.002926706096006528
107,9,0.002925560005322243
107,10,0.002926295193277092
107,11,0.0029282863412340688
107,12,0.002921002288602356
107,13,0.002921870472686683
107,14,0.0029300197406008643
107,15,0.0029266667434047038
108,5,0.0029970216090130864
108,6,0.002999143367542804
108,7,0.0029994808453885674
108,8,0.002999485504261932
108,9,0.0029995068093960726
108,10,0.002999589936717332
108,11,0.0030036051124696012
108,12,0.002994259263307435
108,13,0.0029960808443646987
108,14,0.003004083773844595
108,15,0.0030021261925655372
109,5,0.002980488345417798
109,6,0.0029822881665338323
109,7,0.0029819316058173964
109,8,0.0029838125559169823
109,9,0.002983792661675102
109,10,0.0029832315087609845
109,11,0.002985971293306535
109,12,0.002977989235607113
109,13,0.0029780915860660494
109,14,0.002985537351770445
109,15,0.0029846451275181668
110,5,0.0030063442607861667
110,6,0.003005472293579487
110,7,0.0030078380181491554
110,8,0.003009872379704101
110,9,0.0030082463673424885
110,10,0.0030069420028681266
110,11,0.0030092083404232297
110,12,0.0030025921811712274
110,13,0.0030051519902647614
110,14,0.0030144832409017713
110,15,0.003008763375817773
111,5,0.0028737026637814275
111,6,0.0028731682282189678
111,7,0.002874427080112625
111,8,0.002877367190364918
111,9,0.0028751229926923445
111,10,0.002874919776722852
111,11,0.002876969713016242
111,12,0.0028703320611058185
111,13,0.00287225427221238
111,14,0.002880261372125342
111,15,0.002875988439302677
112,5,0.0029803025657461563
112,6,0.002982789093214976
112,7,0.002982680855668916
112,8,0.002984621384688823
112,9,0.002983228645422889
112,10,0.002982984113332524
112,11,0.002985389621868141
112,12,0.0029777409117289874
112,13,0.0029768300300407184
112,14,0.0029855323240622423
112,15,0.002985621380738419
113,5,0.002943213675071884
113,6,0.0029422777989970782
113,7,0.00294450629001308
113,8,0.002946212406249804
113,9,0.002942746078354004
113,10,0.0029426090768883044
113,11,0.0029462823766140877
113,12,0.0029396824610390345
113,13,0.0029391615160522006
113,14,0.002949610049657131
113,15,0.0029457989199800543
114,5,0.003016220949999134
114,6,0.0030147652843892933
114,7,0.0030159675878493972
114,8,0.0030196972235709213
114,9,0.003015817023377834
114,10,0.003016935415404194
114,11,0.0030177001806539995
114,12,0.003012821693658667
114,13,0.003012842395925946
114,14,0.003020517742632022
114,15,0.003016176637749674
115,5,0.002968987240065202
115,6,0.00297083862335812
115,7,0.0029710426092442632
115,8,0.002971994166867696
115,9,0.002972199807135607
115,10,0.00297328710502429
115,11,0.002975026191361874
115,12,0.0029660114718096362
115,13,0.002966332644652977
115,14,0.0029739743256070417
115,15,0.002973097229121829
116,5,0.002940867670315379
116,6,0.002939946285566081
116,7,0.0029411600289230575
116,8,0.002943876750689156
116,9,0.0029414025718112013
116,10,0.0029419079021422447
116,11,0.0029442723893454512
116,12,0.0029382214203900743
116,13,0.002937101523397479
116,14,0.00294622562820103
116,15,0.002941763800607916
117,5,0.0030007820438035515
117,6,0.002999843836701889
117,7,0.0030012679945373506
117,8,0.0030053739246530017
117,9,0.0030015582109866133
117,10,0.0030026211313694605
117,11,0.0030061088958426166
117,12,0.0030012036640827753
117,13,0.002999214386288417
117,14,0.0030054445049513346
117,15,0.0030036731418925503
118,5,0.0030374749420354
118,6,0.0030398430043043424
118,7,0.0030390962582224836
118,8,0.003039946797518776
118,9,0.0030399393379831542
118,10,0.0030407057851194763
118,11,0.0030419355115065207
118,12,0.0030333609633649197
118,13,0.0030354162310966505
118,14,0.0030433345729341875
118,15,0.003041166946506844
119,5,0.002924778205583206
119,6,0.002928807556991519
119,7,0.002927743623140735
119,8,0.0029288421189667246
119,9,0.0029295185398265132
119,10,0.0029307321796765533
119,11,0.002931624628875212
119,12,0.002922595581351171
119,13,0.0029228848454720797
119,14,0.002928331902528063
119,15,0.002930861836055854
120,5,0.002944436499586066
120,6,0.002942265640642192
120,7,0.002945152005354116
120,8,0.002947775195506555
120,9,0.00294254787864762
120,10,0.002942628104396321
120,11,0.00294413336499541
120,12,0.00293964096065331
120,13,0.002939573052974121
120,14,0.00294972837849467
120,15,0.002944743844845497
121,5,0.0029848682635050167
121,6,0.002981504196233575
121,7,0.002983994685884374
121,8,0.0029888455605477635
121,9,0.0029833672500674097
121,10,0.002983750539390072
121,11,0.002985042444601925
121,12,0.002981385549113965
121,13,0.0029803142186501865
121,14,0.0029894287036759974
121,15,0.002983789818130681
122,5,0.0029818704552767306
122,6,0.0029824621546560596
122,7,0.002984102295377606
122,8,0.0029865019581079666
122,9,0.0029849517402609975
122,10,0.002984680900616305
122,11,0.0029842340684634572
122,12,0.0029771965411760615
122,13,0.0029799540408272695
122,14,0.00298907038851961
122,15,0.002985367222510754
123,5,0.002960085499741164
123,6,0.0029608549501188323
123,7,0.0029615565564059974
123,8,0.0029635366827740527
123,9,0.0029619821668810864
123,10,0.0029624517803770707
123,11,0.0029667869242338382
123,12,0.002957584504195756
123,13,0.002957035284016412
123,14,0.0029660538824313426
123,15,0.0029642446118067984
124,5,0.0030720469322313587
124,6,0.0030701665789395895
124,7,0.003071320795975761
124,8,0.0030759163458298614
124,9,0.003071880038490435
124,10,0.003072212158814344
124,11,0.003074050615886781
124,12,0.003068705563255804
124,13,0.003068811831065654
124,14,0.0030770807038712003
124,15,0.003072202987323899
125,5,0.002983039333946533
125,6,0.002985262048330057
125,7,0.0029858796503856306
125,8,0.0029862764729858115
125,9,0.0029866581101336883
125,10,0.0029875999630859552
125,11,0.0029911341655694573
125,12,0.0029812872821993724
125,13,0.0029820486785726505
125,14,0.002986839506984898
125,15,0.002989206809442848
126,5,0.002876821838770852
126,6,0.0028790266893691185
126,7,0.0028789759461175313
126,8,0.0028799950737844813
126,9,0.002881854803047397
126,10,0.002882718394764445
126,11,0.0028858518882682828
126,12,0.0028748379977927966
126,13,0.0028756423630384785
126,14,0.002881650440677097
126,15,0.0028828580496889173
127,5,0.0029560868279077113
127,6,0.002957939685214884
127,7,0.002958146362708738
127,8,0.0029599957947189417
127,9,0.002958655549893872
127,10,0.0029596156852606395
127,11,0.0029623690150821437
127,12,0.002952667884528637
127,13,0.002952817052853509
127,14,0.0029579690800836454
127,15,0.0029613403603434563
128,5,0.002938002800174917
128,6,0.002939185329103986
128,7,0.002939539513765619
128,8,0.0029417502138620387
128,9,0.0029416067185453498
128,10,0.002942671847099868
128,11,0.002943823969242378
128,12,0.0029343639348203745
128,13,0.0029374004449122227
128,14,0.0029426475521177053
128,15,0.0029425338367358423
129,5,0.0029302248944964816
129,6,0.0029318079944016134
129,7,0.002931704437630116
129,8,0.002933686463036327
129,9,0.0029330639841241967
129,10,0.0029339301107442323
129,11,0.0029355667234546895
129,12,0.0029268409462942595
129,13,0.0029285232354279447
129,14,0.0029344309339578746
129,15,0.0029353395516079836
130,5,0.0030077249583173845
130,6,0.0030093646687530807
130,7,0.003010247149485191
130,8,0.003009661235285777
130,9,0.003009149769835571
130,10,0.003010179957267792
130,11,0.0030132286315320707
130,12,0.003003418048421884
130,13,0.003003961996188183
130,14,0.003011823073671232
130,15,0.003012234229988426
131,5,0.0029906880620685565
131,6,0.002991758543444698
131,7,0.0029924831457292717
131,8,0.00299364178815562
131,9,0.0029922527496569124
131,10,0.0029917941235512117
131,11,0.002994897112841715
131,12,0.0029864799468181645
131,13,0.002987305998580415
131,14,0.0029964498422034107
131,15,0.0029934731638871057
132,5,0.002919227822192018
132,6,0.002923205809994034
132,7,0.00292259019133419
132,8,0.0029229672027394076
132,9,0.002924928521263104
132,10,0.0029252384139436833
132,11,0.002927958526693998
132,12,0.0029177176375009346
132,13,0.002916962968904361
132,14,0.002922305176488737
132,15,0.0029265118859851847
133,5,0.0029900915708083345
133,6,0.002990219671083241
133,7,0.002991719212599023
133,8,0.0029942554650517618
133,9,0.002992155525813328
133,10,0.002993861413869764
133,11,0.0029948747549005616
133,12,0.0029852076573325215
133,13,0.002988821145083624
133,14,0.002994494802428179
133,15,0.00299470331319438
134,5,0.0030083921150241082
134,6,0.003005892074513204
134,7,0.0030087503577464992
134,8,0.003013588872385546
134,9,0.0030118131521836068
134,10,0.003011156863632422
134,11,0.003011494461284245
134,12,0.0030065922776363716
134,13,0.00300788810675584
134,14,0.0030171819284413623
134,15,0.003010752142940476
135,5,0.0030410690400114833
135,6,0.0030401759300530133
135,7,0.0030414752413903392
135,8,0.0030443694057567653
135,9,0.0030411589958633197
135,10,0.003042630305445825
135,11,0.0030442948843638074
135,12,0.0030359662338608102
135,13,0.003039040578945634
135,14,0.0030458981307079818
135,15,0.003043022773852622
136,5,0.002949014973832852
136,6,0.0029497258810703007
136,7,0.002950444660972453
136,8,0.0029522263503342365
136,9,0.0029505271062056017
136,10,0.0029503623059664165
136,11,0.002952260131029782
136,12,0.00294566722785083
136,13,0.002946835829572999
136,14,0.0029541384857527837
136,15,0.002952138860483699
137,5,0.0029489953016889267
137,6,0.002951526903020947
137,7,0.0029520330610932504
137,8,0.0029524399275814997
137,9,0.0029524417924762206
137,10,0.0029526961672655195
137,11,0.00295346536660108
137,12,0.0029447531543564105
137,13,0.002946049214570203
137,14,0.0029540895248182874
137,15,0.00295424645267211
138,5,0.0029393978909575853
138,6,0.0029410751275538247
138,7,0.0029411663150567795
138,8,0.0029433217520515123
138,9,0.0029426481977447077
138,10,0.002944106709634984
138,11,0.002946301229559065
138,12,0.0029379108365049254
138,13,0.002938739265931617
138,14,0.0029420711736730188
138,15,0.002944737861769787
139,5,0.002901631365696601
139,6,0.002904557000489162
139,7,0.0029052070783127408
139,8,0.002905187200132119
139,9,0.0029073897594059147
139,10,0.0029087209047976405
139,11,0.0029109064520628325
139,12,0.0028994702483030395
139,13,0.002901772195377417
139,14,0.002905276574381711
139,15,0.002908738610362335
140,5,0.0029499072071519634
140,6,0.0029493923565106733
140,7,0.0029512126663965837
140,8,0.0029534266884660436
140,9,0.002950978602859236
140,10,0.0029513401733267876
140,11,0.0029539389668830802
140,12,0.0029475799118656486
140,13,0.0029487049184916984
140,14,0.0029558202340489344
140,15,0.0029529535965550514
141,5,0.0029483349317426448
141,6,0.0029487077417554575
141,7,0.002949711137027491
141,8,0.0029511038494951245
141,9,0.002949508269025135
141,10,0.002950753509622167
141,11,0.0029542511504669186
141,12,0.0029460721249282
141,13,0.0029443401453558837
141,14,0.0029509433838618136
141,15,0.0029512833743843355
142,5,0.0029876465513853042
142,6,0.0029898203810706427
142,7,0.0029898778769107087
142,8,0.002990243462425964
142,9,0.0029886252423759717
142,10,0.002989180166564709
142,11,0.002991300026900912
142,12,0.002983435838405002
142,13,0.0029826704591362943
142,14,0.0029917841833357072
142,15,0.0029912767608521844
143,5,0.0029318556202137624
143,6,0.0029254879272401207
143,7,0.002930968036478631
143,8,0.002936038841626154
143,9,0.0029292130086490333
143,10,0.0029278075409592793
143,11,0.00292860547495615
143,12,0.0029255764828283637
143,13,0.0029287309114503723
143,14,0.0029423774810316363
143,15,0.0029289719676100483
144,5,0.0029478232969723556
144,6,0.0029497909313039895
144,7,0.0029504833312748685
144,8,0.002951332323455155
144,9,0.0029512336495772693
144,10,0.002951689778618992
144,11,0.002954940613495368
144,12,0.002946360999302031
144,13,0.002947027610035679
144,14,0.0029527716156722474
144,15,0.0029535188361692116
145,5,0.0029800181159278356
145,6,0.0029806009488157837
145,7,0.002980527285688433
145,8,0.002984236409685698
145,9,0.0029815234092389602
145,10,0.002983045851789325
145,11,0.0029846687750688878
145,12,0.0029776159797357507
145,13,0.0029771479312330484
145,14,0.002983433340889323
145,15,0.002983076254983085
146,5,0.0030038735203912867
146,6,0.0030034606599199454
146,7,0.003004761330630396
146,8,0.003007753234770563
146,9,0.003005486986136451
146,10,0.0030060243615115754
146,11,0.003008417286887621
146,12,0.0030010455695165385
146,13,0.0030019474114574814
146,14,0.0030090926307285034
146,15,0.003007227137621834
147,5,0.0030022887733975683
147,6,0.0030044156365740112
147,7,0.003005048439672575
147,8,0.00300469839267904
147,9,0.0030048661378105773
147,10,0.0030040796778171602
147,11,0.0030063022570480614
147,12,0.002998465097139968
147,13,0.002998623522247784
147,14,0.0030082067930187186
147,15,0.003006223584083419
148,5,0.0029676502490320503
148,6,0.0029658570445319945
148,7,0.0029676042117313495
148,8,0.00297139161955734
148,9,0.002969345536499405
148,10,0.00296920662790852
148,11,0.0029706371509191495
148,12,0.002962674314488187
148,13,0.002966569166551724
148,14,0.002976974034597506
148,15,0.002969552589484752
149,5,0.002993656517966087
149,6,0.0029926773346111313
149,7,0.002995152563128428
149,8,0.002998032580245864
149,9,0.0029950869044623025
149,10,0.002994140118394489
149,11,0.002996445120818981
149,12,0.0029917692445716776
149,13,0.0029904316935269303
149,14,0.003001115825961381
149,15,0.0029963505975222696
150,5,0.0029249499353381607
150,6,0.002926193677621695
150,7,0.0029255545932335317
150,8,0.0029278557458137337
150,9,0.002925983097826553
150,10,0.0029260617120795557
150,11,0.002927832914217076
150,12,0.0029212320193385444
150,13,0.002920707722275599
150,14,0.0029289942016606932
150,15,0.002926503397264258
151,5,0.0029634322996238294
151,6,0.00296660891540344
151,7,0.002966935928230975
151,8,0.0029660907786920117
151,9,0.0029674258235313357
151,10,0.0029684795951160103
151,11,0.0029699515383024154
151,12,0.002959750864509066
151,13,0.002959820345324267
151,14,0.002967861920127531
151,15,0.0029695717586241685
152,5,0.003022752500589456
152,6,0.0030238519243717013
152,7,0.003024214889445865
152,8,0.0030255640908661815
152,9,0.0030247296064018128
152,10,0.003024663362238142
152,11,0.0030272255426513272
152,12,0.0030195067341610028
152,13,0.003021401491340574
152,14,0.0030312571649414462
152,15,0.0030263067452466347
153,5,0.002913264494564445
153,6,0.0029211742320671146
153,7,0.0029195303593062185
153,8,0.0029175198565935014
153,9,0.0029221749116485293
153,10,0.00292341881785306
153,11,0.0029268032318792874
153,12,0.0029138205821371585
153,13,0.002912199539410297
153,14,0.002916316625298938
153,15,0.0029264288574666
154,5,0.0029191063991916106
154,6,0.00292265019660075
154,7,0.0029208457983850716
154,8,0.0029218353196439973
154,9,0.0029224106065749403
154,10,0.002923303702285132
154,11,0.0029265318049050597
154,12,0.002916398581611105
154,13,0.002915439845612609
154,14,0.0029239722241434347
154,15,0.002923838345401258
155,5,0.0030185786157902053
155,6,0.0030181153878263796
155,7,0.0030210610408919736
155,8,0.003023437597483063
155,9,0.003023021417016636
155,10,0.0030223112738927576
155,11,0.0030243625057472
155,12,0.0030153200901182954
155,13,0.0030183375324470117
155,14,0.0030269556544693325
155,15,0.0030243274816242395
156,5,0.002933188447377332
156,6,0.002931954953712852
156,7,0.002933947780243087
156,8,0.0029364064549987955
156,9,0.0029324870222574295
156,10,0.0029316572548238862
156,11,0.0029315576019049625
156,12,0.0029285131402666253
156,13,0.0029293308681524917
156,14,0.002940731060636724
156,15,0.002933006896454933
157,5,0.0030024737980544583
157,6,0.0030058310071041225
157,7,0.00300585732173855
157,8,0.00300556898168712
157,9,0.0030071601944438317
157,10,0.003009050816882485
157,11,0.003012662164439156
157,12,0.0029994494182345663
157,13,0.0029979690568630525
157,14,0.0030040410347282887
157,15,0.003011021789470985
158,5,0.00299942412454149
158,6,0.00299973229136813
158,7,0.0029990410897595635
158,8,0.0030031239845438084
158,9,0.0029987984183498196
158,10,0.0029992529197350208
158,11,0.003001733000954272
158,12,0.0029968319937532036
158,13,0.0029950988098559244
158,14,0.0030046719168036243
158,15,0.003000267624480916
159,5,0.0030261342844595607
159,6,0.0030294966163080636
159,7,0.0030290383380191573
159,8,0.0030305471099611996
159,9,0.003030638536980144
159,10,0.0030307496985704603
159,11,0.0030345617575640517
159,12,0.00302575360421851
159,13,0.0030236941226458648
159,14,0.0030303839327504006
159,15,0.003033684720886918
160,5,0.002936344435192841
160,6,0.002939939326930532
160,7,0.0029404504309526736
160,8,0.0029388995354267047
160,9,0.0029420737273169223
160,10,0.002942509340609221
160,11,0.0029455937436230176
160,12,0.0029342496361163596
160,13,0.002934744540262494
160,14,0.002940358422089109
160,15,0.0029437120041276195
161,5,0.0030008766443512234
161,6,0.003004567233100981
161,7,0.003003332516545204
161,8,0.0030060416620810563
161,9,0.0030071375263230997
161,10,0.0030082504992850687
161,11,0.00300961441392837
161,12,0.0029996878130412867
161,13,0.0030007140069757223
161,14,0.003002745172037941
161,15,0.0030090061191353156
162,5,0.0029752312071464797
162,6,0.002974420610826474
162,7,0.0029762808250280116
162,8,0.0029786699817882286
162,9,0.002977005489920084
162,10,0.0029779143287456252
162,11,0.002979062696745446
162,12,0.0029715500221036755
162,13,0.002974028478155623
162,14,0.0029799696388053106
162,15,0.002977677257088301
163,5,0.0029448566250232463
163,6,0.002946615463221946
163,7,0.0029472287256072207
163,8,0.002949522024575287
163,9,0.0029490454095363904
163,10,0.002949741282827304
163,11,0.0029512532134303602
163,12,0.002942819011309714
163,13,0.0029454559649252864
163,14,0.002951350089018267
163,15,0.00295086083065529
164,5,0.0029875339557532098
164,6,0.0029869816935652153
164,7,0.002989073659172366
164,8,0.0029918495536109383
164,9,0.0029880661205065034
164,10,0.0029886621368480594
164,11,0.0029895970067487653
164,12,0.002982638641246496
164,13,0.002982955576227331
164,14,0.0029925488736030287
164,15,0.002989765894641464
165,5,0.0029830253653259737
165,6,0.002982600032328319
165,7,0.002983270646932347
165,8,0.0029867380277216614
165,9,0.0029856856172034837
165,10,0.0029845609047660206
165,11,0.002985098733722858
165,12,0.0029797645519398807
165,13,0.0029815572375191243
165,14,0.002989239199536395
165,15,0.0029852061885756198
166,5,0.0030402728562570203
166,6,0.003038849466198334
166,7,0.0030401802183082833
166,8,0.0030446861630734796
166,9,0.003039334675710563
166,10,0.003039584832155877
166,11,0.0030417064133474313
166,12,0.003036844303137179
166,13,0.003037897289693535
166,14,0.0030463067783813463
166,15,0.003041598154119563
167,5,0.0029634154863460676
167,6,0.0029666060990622013
167,7,0.002966600576089723
167,8,0.002966650716581853
167,9,0.002967729987979822
167,10,0.002967785520258433
167,11,0.002971827789247305
167,12,0.002961394416534589
167,13,0.002961477445370181
167,14,0.002967258823880958
167,15,0.0029705670230724566
168,5,0.0029620090956188733
168,6,0.0029621521136332834
168,7,0.002962889379664905
168,8,0.00296671945583716
168,9,0.00296350842786927
168,10,0.0029649154324417255
168,11,0.0029655633974532605
168,12,0.0029584307474515292
168,13,0.002957104616329146
168,14,0.002965541985464846
168,15,0.0029646832364969354
169,5,0.002974176711816189
169,6,0.0029783285829127195
169,7,0.0029773786027859793
169,8,0.0029770779025044833
169,9,0.0029798323205436406
169,10,0.0029796063313322877
169,11,0.0029830409363183603
169,12,0.002972936525609532
169,13,0.0029725200686327837
169,14,0.0029792561175716725
169,15,0.0029818599484691256
170,5,0.002990850563507509
170,6,0.0029934468501413933
170,7,0.0029940374188827
170,8,0.002993276891645026
170,9,0.0029938274506335527
170,10,0.0029936212785362046
170,11,0.0029983107497744657
170,12,0.0029871752170692895
170,13,0.002988462218258908
170,14,0.002996089967228652
170,15,0.0029978168192477043
171,5,0.003013690575895284
171,6,0.003010233556608117
171,7,0.00301198045281288
171,8,0.003018656563662728
171,9,0.00301200415973422
171,10,0.0030101391898775995
171,11,0.0030122357866351405
171,12,0.0030121302650743093
171,13,0.0030111266448473676
171,14,0.0030216705970417413
171,15,0.003011884534339488
172,5,0.0029888249480268777
172,6,0.0029900042274667127
172,7,0.002991456891708653
172,8,0.0029930777054644137
172,9,0.0029915882342775864
172,10,0.002990930505747395
172,11,0.002993616424789552
172,12,0.0029867202963755513
172,13,0.0029871720497089043
172,14,0.002996375347755148
172,15,0.002993381945460733
173,5,0.0029510625994161647
173,6,0.002953443914570542
173,7,0.00295584929995171
173,8,0.0029543451628810968
173,9,0.0029565877872171856
173,10,0.0029556612395768983
173,11,0.0029606027398744158
173,12,0.00294993347909105
173,13,0.0029492484625336293
173,14,0.002958680614473252
173,15,0.002959826023765744
174,5,0.0029795262198759175
174,6,0.0029852191686043
174,7,0.00298477193423985
174,8,0.002983637473234772
174,9,0.002985813170450394
174,10,0.0029845965582065677
174,11,0.0029880965421315254
174,12,0.0029772529477730836
174,13,0.0029770345408673504
174,14,0.002987306319745127
174,15,0.002989034256991396
175,5,0.002963380026827184
175,6,0.00296605995124392
175,7,0.0029657009202274176
175,8,0.0029662124466298934
175,9,0.0029664912995704135
175,10,0.00296695141803146
175,11,0.0029694692620606342
175,12,0.002960940521203708
175,13,0.0029608405867051313
175,14,0.0029676439824472623
175,15,0.0029685245392559417
176,5,0.002837649797661006
176,6,0.0028412878678017845
176,7,0.002839138924285284
176,8,0.002840928005068082
176,9,0.002842064922862092
176,10,0.00284487908474503
176,11,0.0028480013574467378
176,12,0.002837028257873676
176,13,0.0028366074873742634
176,14,0.0028408747127051446
176,15,0.002843475288795234
177,5,0.002877976472335432
177,6,0.0028812821649631367
177,7,0.002880841617559572
177,8,0.002882144491498669
177,9,0.002885186141334492
177,10,0.0028849755803556395
177,11,0.002888558647981722
177,12,0.002876340436170713
177,13,0.002879508324883146
177,14,0.002884845569287594
177,15,0.0028860373020493726
178,5,0.002961356509320469
178,6,0.0029622261976291345
178,7,0.0029634718080517744
178,8,0.0029648781431298064
178,9,0.0029647203068593636
178,10,0.0029660294459681303
178,11,0.0029672784233565237
178,12,0.0029570553596335422
178,13,0.0029608688328971603
178,14,0.0029650615347632005
178,15,0.0029664917747184508
179,5,0.00300282744380335
179,6,0.003002152695405314
179,7,0.003003705775723391
179,8,0.003007783261035143
179,9,0.0030046577777010693
179,10,0.0030046185824375614
179,11,0.003006990856814943
179,12,0.003001304027428508
179,13,0.0030006272674803726
179,14,0.0030074250674399536
179,15,0.0030060601513327567
180,5,0.0029491698980758396
180,6,0.0029482758279806235
180,7,0.0029495731519965547
180,8,0.002954014202239858
180,9,0.002949884274167959
180,10,0.0029497417980514744
180,11,0.002949082475746352
180,12,0.0029441116815698354
180,13,0.0029467417601001236
180,14,0.002955672545064853
180,15,0.0029518147566219653
181,5,0.0030156140755432242
181,6,0.003015289735953755
181,7,0.003015674502375628
181,8,0.003020258172956348
181,9,0.0030160024137313645
181,10,0.003016866589192376
181,11,0.0030190703783096076
181,12,0.0030131483061491323
181,13,0.0030119946499597722
181,14,0.003021024616800461
181,15,0.0030170719188190747
182,5,0.002984945907382091
182,6,0.002982011221837942
182,7,0.0029844678380846904
182,8,0.0029886317118364013
182,9,0.0029825252731414324
182,10,0.002983699856091589
182,11,0.0029856395407334636
182,12,0.002981252192303984
182,13,0.0029797742687872335
182,14,0.002988390903791928
182,15,0.002985051829039609
183,5,0.0030111027978340444
183,6,0.0030117840372809648
183,7,0.00301295053115594
183,8,0.0030145355092721974
183,9,0.003011469101626482
183,10,0.0030137451373730044
183,11,0.003015127878286946
183,12,0.003006863371020541
183,13,0.0030076636354853816
183,14,0.0030120046366670806
183,15,0.0030144322848799647
184,5,0.002969582475352663
184,6,0.0029716721563893666
184,7,0.0029730327332297244
184,8,0.002973608359101567
184,9,0.0029738700463416965
184,10,0.002973797866464914
184,11,0.002975613193994796
184,12,0.002966979624530127
184,13,0.0029665167063094296
184,14,0.0029735531660730953
184,15,0.002976184426429304
185,5,0.0030209681005118655
185,6,0.0030259234405873945
185,7,0.0030253327692214547
185,8,0.003024509710363841
185,9,0.0030270688851952014
185,10,0.0030287671877842204
185,11,0.0030317153995490865
185,12,0.003018870998984287
185,13,0.0030205888469672544
185,14,0.0030242172963185704
185,15,0.0030293819348234967
186,5,0.0029692844457079874
186,6,0.002970599987936285
186,7,0.0029708642832081285
186,8,0.002972576115252013
186,9,0.002972530718526186
186,10,0.00297241065155154
186,11,0.002975678943820629
186,12,0.0029660089745649943
186,13,0.0029675321045373087
186,14,0.0029737647537126147
186,15,0.0029747049279663074
187,5,0.0029603751467028546
187,6,0.002964072425651257
187,7,0.0029635692082297985
187,8,0.002964851753356452
187,9,0.0029661864367142346
187,10,0.002966543203378102
187,11,0.002969429054951751
187,12,0.0029595598997463404
187,13,0.002959374095520777
187,14,0.0029641538933337947
187,15,0.0029683739966732685
188,5,0.002954004300396597
188,6,0.0029538810928819823
188,7,0.0029550922010830824
188,8,0.002957167885562703
188,9,0.0029537264984361806
188,10,0.002953220914416718
188,11,0.002955506064283434
188,12,0.0029517476139697845
188,13,0.0029500228037113324
188,14,0.0029598572263091674
188,15,0.0029549770775957945
189,5,0.00300053054640375
189,6,0.0030028338558719474
189,7,0.003001297023051564
189,8,0.003002748813106032
189,9,0.003003534220589502
189,10,0.003003390270825622
189,11,0.0030054466626215307
189,12,0.0029971504873267663
189,13,0.002998786173023946
189,14,0.003005742233165433
189,15,0.0030024419338664935
190,5,0.0030068198683199537
190,6,0.003006162270375894
190,7,0.0030075815151770604
190,8,0.0030106967212626683
190,9,0.0030070757208478477
190,10,0.0030086459519005886
190,11,0.0030109753966670555
190,12,0.0030037868605739134
190,13,0.0030021961604937185
190,14,0.0030096341069055705
190,15,0.003009631196873385
191,5,0.0029866982880754
191,6,0.002989900696345351
191,7,0.0029899751716716723
191,8,0.0029908145839969316
191,9,0.00299136744247693
191,10,0.0029911201842355004
191,11,0.0029934660551335776
191,12,0.0029847626244141295
191,13,0.0029842649908228356
191,14,0.002991333647885106
191,15,0.002993892760608684
192,5,0.0029918408947610144
192,6,0.002994048367416941
192,7,0.002993784267701899
192,8,0.0029945778895828484
192,9,0.0029934311644807367
192,10,0.0029947384278526446
192,11,0.0029975140871307516
192,12,0.0029891465639832254
192,13,0.0029886936080764205
192,14,0.0029961362833585297
192,15,0.002995104130825967
193,5,0.003004524910362487
193,6,0.003003133073579926
193,7,0.0030038016899004037
193,8,0.003008158706674312
193,9,0.003003246532008954
193,10,0.0030044915095945824
193,11,0.0030042941543357063
193,12,0.002998675803200637
193,13,0.0030010207888803314
193,14,0.0030076033401936655
193,15,0.0030044905996946822
194,5,0.0030102361880597612
194,6,0.0030097219782571
194,7,0.003012508180524622
194,8,0.003015042555385402
194,9,0.003012969686339299
194,10,0.003011642454103345
194,11,0.0030153242205934864
194,12,0.0030076278794911645
194,13,0.003007767792968523
194,14,0.003015691605174825
194,15,0.003015613839739845
195,5,0.0029584236730681814
195,6,0.002961849014839401
195,7,0.0029621512004191675
195,8,0.0029610161374343815
195,9,0.002960876053286641
195,10,0.0029617583758743287
195,11,0.0029649083315597233
195,12,0.0029545760887895343
195,13,0.002955609735736174
195,14,0.002961907076017459
195,15,0.002965883793273446
196,5,0.0030553595283571585
196,6,0.003056960879457488
196,7,0.003058446085274436
196,8,0.0030589078267761133
196,9,0.003056085287969893
196,10,0.0030553581747823997
196,11,0.003058566678581493
196,12,0.0030515789123112223
196,13,0.0030509776539523288
196,14,0.003059611474242756
196,15,0.0030597643503923752
197,5,0.0030108065432659548
197,6,0.0030096675267042468
197,7,0.0030113020849573727
197,8,0.003015289809339808
197,9,0.0030119213375193886
197,10,0.0030110999033701484
197,11,0.0030134684521646066
197,12,0.00300742455227425
197,13,0.0030075753781546185
197,14,0.00301778474386967
197,15,0.0030127815437703456
198,5,0.0029310282815037834
198,6,0.0029318232688945616
198,7,0.0029327458617159075
198,8,0.0029345972958183903
198,9,0.0029336159470395077
198,10,0.002933358729479732
198,11,0.0029343958850279986
198,12,0.0029267275954956273
198,13,0.0029296004380896796
198,14,0.002938225784403779
198,15,0.0029344856917715187
199,5,0.002953867399563154
199,6,0.0029512335334397006
199,7,0.002954193952487793
199,8,0.0029584386146175646
199,9,0.00295303868141003
199,10,0.002952536916594484
199,11,0.0029555974645305893
199,12,0.0029501588652635405
199,13,0.002950532853737206
199,14,0.002961179585067812
199,15,0.0029560515640336955
